{
  "images" : [
    {
      "idiom" : "universal",
      "filename" : "tabicon-avocado.pdf",
      "scale" : "1x"
    },
    {
      "idiom" : "universal",
      "filename" : "tabicon-avocado-1.pdf",
      "appearances" : [
        {
          "appearance" : "luminosity",
          "value" : "light"
        }
      ],
      "scale" : "1x"
    },
    {
      "idiom" : "universal",
      "filename" : "tabicon-avocado-dark.pdf",
      "appearances" : [
        {
          "appearance" : "luminosity",
          "value" : "dark"
        }
      ],
      "scale" : "1x"
    },
    {
      "idiom" : "universal",
      "scale" : "2x"
    },
    {
      "idiom" : "universal",
      "scale" : "2x",
      "appearances" : [
        {
          "appearance" : "luminosity",
          "value" : "light"
        }
      ]
    },
    {
      "idiom" : "universal",
      "scale" : "2x",
      "appearances" : [
        {
          "appearance" : "luminosity",
          "value" : "dark"
        }
      ]
    },
    {
      "idiom" : "universal",
      "scale" : "3x"
    },
    {
      "idiom" : "universal",
      "scale" : "3x",
      "appearances" : [
        {
          "appearance" : "luminosity",
          "value" : "light"
        }
      ]
    },
    {
      "idiom" : "universal",
      "scale" : "3x",
      "appearances" : [
        {
          "appearance" : "luminosity",
          "value" : "dark"
        }
      ]
    }
  ],
  "info" : {
    "version" : 1,
    "author" : "xcode"
  },
  "properties" : {
    "preserves-vector-representation" : true
  }
}