{
  "images" : [
    {
      "idiom" : "universal",
      "filename" : "background.jpg",
      "scale" : "1x"
    },
    {
      "idiom" : "universal",
      "filename" : "background-1.jpg",
      "appearances" : [
        {
          "appearance" : "luminosity",
          "value" : "light"
        }
      ],
      "scale" : "1x"
    },
    {
      "idiom" : "universal",
      "filename" : "background-dark.jpg",
      "appearances" : [
        {
          "appearance" : "luminosity",
          "value" : "dark"
        }
      ],
      "scale" : "1x"
    },
    {
      "idiom" : "universal",
      "filename" : "background@2x.jpg",
      "scale" : "2x"
    },
    {
      "idiom" : "universal",
      "filename" : "background@2x-1.jpg",
      "appearances" : [
        {
          "appearance" : "luminosity",
          "value" : "light"
        }
      ],
      "scale" : "2x"
    },
    {
      "idiom" : "universal",
      "filename" : "background-dark@2x.jpg",
      "appearances" : [
        {
          "appearance" : "luminosity",
          "value" : "dark"
        }
      ],
      "scale" : "2x"
    },
    {
      "idiom" : "universal",
      "filename" : "background@3x.jpg",
      "scale" : "3x"
    },
    {
      "idiom" : "universal",
      "filename" : "background@3x-1.jpg",
      "appearances" : [
        {
          "appearance" : "luminosity",
          "value" : "light"
        }
      ],
      "scale" : "3x"
    },
    {
      "idiom" : "universal",
      "filename" : "background-dark@3x.jpg",
      "appearances" : [
        {
          "appearance" : "luminosity",
          "value" : "dark"
        }
      ],
      "scale" : "3x"
    }
  ],
  "info" : {
    "version" : 1,
    "author" : "xcode"
  }
}